{"loss_PiNet_GCN": 0.22551865788067088, "Train accuracy_PiNet_GCN": 1.0, "Test acuuracy_PiNet_GCN": 0.9166666666666666, "precision_1_PiNet_GCN": 0, "recall_1_PiNet_GCN": 0.0, "precision_0_PiNet_GCN": 0.9166666666666666, "recall_0_PiNet_GCN": 1.0, "f1_0_PiNet_GCN": 0.9565217391304348, "f1_1_PiNet_GCN": 0, "_runtime": 883, "_timestamp": 1631174559, "_step": 199, "_wandb": {"runtime": 879}}