{"loss_PiNet_GCN": 0.4974349940524382, "Train accuracy_PiNet_GCN": 0.18032786885245902, "Test acuuracy_PiNet_GCN": 0.2916666666666667, "precision_1_PiNet_GCN": 0.2916666666666667, "recall_1_PiNet_GCN": 1.0, "precision_0_PiNet_GCN": 0, "recall_0_PiNet_GCN": 0.0, "f1_0_PiNet_GCN": 0, "f1_1_PiNet_GCN": 0.45161290322580644, "_runtime": 670, "_timestamp": 1631244213, "_step": 199, "_wandb": {"runtime": 665}}