{"loss_PiNet_GAT": 0.25159053802490233, "Train accuracy_PiNet_GAT": 1.0, "Test acuuracy_PiNet_GAT": 0.7058823529411765, "precision_1_PiNet_GAT": 0, "recall_1_PiNet_GAT": 0.0, "precision_0_PiNet_GAT": 0.7058823529411765, "recall_0_PiNet_GAT": 1.0, "f1_0_PiNet_GAT": 0.8275862068965517, "f1_1_PiNet_GAT": 0, "_runtime": 585, "_timestamp": 1631087140, "_step": 199, "_wandb": {"runtime": 581}}