{"loss_PiNet_GCN": 0.2550753831863403, "Train accuracy_PiNet_GCN": 1.0, "Test acuuracy_PiNet_GCN": 0.8823529411764706, "precision_1_PiNet_GCN": 0, "recall_1_PiNet_GCN": 0.0, "precision_0_PiNet_GCN": 0.8823529411764706, "recall_0_PiNet_GCN": 1.0, "f1_0_PiNet_GCN": 0.9375, "f1_1_PiNet_GCN": 0, "_runtime": 935, "_timestamp": 1631054579, "_step": 199, "_wandb": {"runtime": 931}}