{"loss_PiNet_GCN": 0.4974349940524382, "Train accuracy_PiNet_GCN": 0.819672131147541, "Test acuuracy_PiNet_GCN": 0.75, "precision_1_PiNet_GCN": 0, "recall_1_PiNet_GCN": 0.0, "precision_0_PiNet_GCN": 0.75, "recall_0_PiNet_GCN": 1.0, "f1_0_PiNet_GCN": 0.8571428571428571, "f1_1_PiNet_GCN": 0, "_runtime": 694, "_timestamp": 1631254165, "_step": 199, "_wandb": {"runtime": 690}}