{"loss_PiNet_SAGE": 0.2456114046713885, "Train accuracy_PiNet_SAGE": 1.0, "Test acuuracy_PiNet_SAGE": 0.8333333333333334, "precision_1_PiNet_SAGE": 0, "recall_1_PiNet_SAGE": 0.0, "precision_0_PiNet_SAGE": 0.8333333333333334, "recall_0_PiNet_SAGE": 1.0, "f1_0_PiNet_SAGE": 0.9090909090909091, "f1_1_PiNet_SAGE": 0, "_runtime": 523, "_timestamp": 1631459051, "_step": 7}