{"loss_PiNet_GAT": 0.22570036649703978, "Train accuracy_PiNet_GAT": 1.0, "Test acuuracy_PiNet_GAT": 0.7083333333333334, "precision_1_PiNet_GAT": 0, "recall_1_PiNet_GAT": 0.0, "precision_0_PiNet_GAT": 0.7083333333333334, "recall_0_PiNet_GAT": 1.0, "f1_0_PiNet_GAT": 0.8292682926829268, "f1_1_PiNet_GAT": 0, "_runtime": 718, "_timestamp": 1631200629, "_step": 199, "_wandb": {"runtime": 716}}