{"loss_PiNet_GCN": 0.25246078968048097, "Train accuracy_PiNet_GCN": 1.0, "Test acuuracy_PiNet_GCN": 0.8235294117647058, "precision_1_PiNet_GCN": NaN, "recall_1_PiNet_GCN": 0.0, "precision_0_PiNet_GCN": 0.8235294117647058, "recall_0_PiNet_GCN": 1.0, "f1_0_PiNet_GCN": 0.9032258064516129, "f1_1_PiNet_GCN": NaN, "_runtime": 1886, "_timestamp": 1630935573, "_step": 430, "_wandb": {"runtime": 1886}}