{"loss_PiNet_GAT": 0.25166735649108884, "Train accuracy_PiNet_GAT": 1.0, "Test acuuracy_PiNet_GAT": 0.6470588235294118, "precision_1_PiNet_GAT": 0, "recall_1_PiNet_GAT": 0.0, "precision_0_PiNet_GAT": 0.6470588235294118, "recall_0_PiNet_GAT": 1.0, "f1_0_PiNet_GAT": 0.7857142857142858, "f1_1_PiNet_GAT": 0, "_runtime": 854, "_timestamp": 1631045747, "_step": 199, "_wandb": {"runtime": 851}}