{"loss_PiNet_GCN": 0.251113224029541, "Train accuracy_PiNet_GCN": 1.0, "Test acuuracy_PiNet_GCN": 0.11764705882352941, "precision_1_PiNet_GCN": 0.11764705882352941, "recall_1_PiNet_GCN": 1.0, "precision_0_PiNet_GCN": 0, "recall_0_PiNet_GCN": 0.0, "f1_0_PiNet_GCN": 0, "f1_1_PiNet_GCN": 0.21052631578947367, "_runtime": 969, "_timestamp": 1631025567, "_step": 199, "_wandb": {"runtime": 965}}