{"loss_PiNet_GAT": 0.22569931850713842, "Train accuracy_PiNet_GAT": 1.0, "Test acuuracy_PiNet_GAT": 0.6666666666666666, "precision_1_PiNet_GAT": 0, "recall_1_PiNet_GAT": 0.0, "precision_0_PiNet_GAT": 0.6666666666666666, "recall_0_PiNet_GAT": 1.0, "f1_0_PiNet_GAT": 0.8, "f1_1_PiNet_GAT": 0, "_runtime": 630, "_timestamp": 1631194073, "_step": 199, "_wandb": {"runtime": 627}}