{"loss_PiNet_SAGE": 0.22526318360777461, "Train accuracy_PiNet_SAGE": 1.0, "Test acuuracy_PiNet_SAGE": 0.8333333333333334, "precision_1_PiNet_SAGE": 0, "recall_1_PiNet_SAGE": 0.0, "precision_0_PiNet_SAGE": 0.8333333333333334, "recall_0_PiNet_SAGE": 1.0, "f1_0_PiNet_SAGE": 0.9090909090909091, "f1_1_PiNet_SAGE": 0, "_runtime": 11743, "_timestamp": 1631168176, "_step": 199, "_wandb": {"runtime": 11739}}