{"loss_PiNet_GCN": 0.4974348657271441, "Train accuracy_PiNet_GCN": 0.8524590163934426, "Test acuuracy_PiNet_GCN": 0.6666666666666666, "precision_1_PiNet_GCN": 0, "recall_1_PiNet_GCN": 0.0, "precision_0_PiNet_GCN": 0.6666666666666666, "recall_0_PiNet_GCN": 1.0, "f1_0_PiNet_GCN": 0.8, "f1_1_PiNet_GCN": 0, "_runtime": 708, "_timestamp": 1631239323, "_step": 199, "_wandb": {"runtime": 705}}