{"loss_PiNet_GAT": 0.2513340950012207, "Train accuracy_PiNet_GAT": 1.0, "Test acuuracy_PiNet_GAT": 0.8823529411764706, "precision_1_PiNet_GAT": 0, "recall_1_PiNet_GAT": 0.0, "precision_0_PiNet_GAT": 0.8823529411764706, "recall_0_PiNet_GAT": 1.0, "f1_0_PiNet_GAT": 0.9375, "f1_1_PiNet_GAT": 0, "_runtime": 835, "_timestamp": 1631049173, "_step": 199, "_wandb": {"runtime": 831}}