{"loss_PiNet_GCN": 0.49742395807715023, "Train accuracy_PiNet_GCN": 0.819672131147541, "Test acuuracy_PiNet_GCN": 0.7083333333333334, "precision_1_PiNet_GCN": 0, "recall_1_PiNet_GCN": 0.0, "precision_0_PiNet_GCN": 0.7083333333333334, "recall_0_PiNet_GCN": 1.0, "f1_0_PiNet_GCN": 0.8292682926829268, "f1_1_PiNet_GCN": 0, "_runtime": 251, "_timestamp": 1631218494, "_step": 48}