{"loss_PiNet_GCN": 0.49743473740185007, "Train accuracy_PiNet_GCN": 0.16393442622950818, "Test acuuracy_PiNet_GCN": 0.3333333333333333, "precision_1_PiNet_GCN": 0.3333333333333333, "recall_1_PiNet_GCN": 1.0, "precision_0_PiNet_GCN": 0, "recall_0_PiNet_GCN": 0.0, "f1_0_PiNet_GCN": 0, "f1_1_PiNet_GCN": 0.5, "_runtime": 1008, "_timestamp": 1631222361, "_step": 199, "_wandb": {"runtime": 1005}}