{"loss_PiNet_GCN": 0.251416277885437, "Train accuracy_PiNet_GCN": 1.0, "Test acuuracy_PiNet_GCN": 0.8823529411764706, "precision_1_PiNet_GCN": 0, "recall_1_PiNet_GCN": 0.0, "precision_0_PiNet_GCN": 0.8823529411764706, "recall_0_PiNet_GCN": 1.0, "f1_0_PiNet_GCN": 0.9375, "f1_1_PiNet_GCN": 0, "_runtime": 556, "_timestamp": 1630976852, "_step": 199, "_wandb": {"runtime": 553}}