{"loss_PiNet_GCN": 0.25137712955474856, "Train accuracy_PiNet_GCN": 1.0, "Test acuuracy_PiNet_GCN": 0.5882352941176471, "precision_1_PiNet_GCN": 0, "recall_1_PiNet_GCN": 0.0, "precision_0_PiNet_GCN": 0.5882352941176471, "recall_0_PiNet_GCN": 1.0, "f1_0_PiNet_GCN": 0.7407407407407407, "f1_1_PiNet_GCN": 0, "_runtime": 917, "_timestamp": 1631043741, "_step": 199, "_wandb": {"runtime": 914}}