{"loss_PiNet_GAT": 0.22575990943347707, "Train accuracy_PiNet_GAT": 1.0, "Test acuuracy_PiNet_GAT": 0.8333333333333334, "precision_1_PiNet_GAT": 0, "recall_1_PiNet_GAT": 0.0, "precision_0_PiNet_GAT": 0.8333333333333334, "recall_0_PiNet_GAT": 1.0, "f1_0_PiNet_GAT": 0.9090909090909091, "f1_1_PiNet_GAT": 0, "_runtime": 690, "_timestamp": 1631205414, "_step": 199, "_wandb": {"runtime": 687}}