{"loss_PiNet_GAT": 0.2517971992492676, "Train accuracy_PiNet_GAT": 1.0, "Test acuuracy_PiNet_GAT": 0.7647058823529411, "precision_1_PiNet_GAT": 0, "recall_1_PiNet_GAT": 0.0, "precision_0_PiNet_GAT": 0.7647058823529411, "recall_0_PiNet_GAT": 1.0, "f1_0_PiNet_GAT": 0.8666666666666666, "f1_1_PiNet_GAT": 0, "_runtime": 1011, "_timestamp": 1631028095, "_step": 199, "_wandb": {"runtime": 1005}}