{"loss_PiNet_GCN": 0.4974347801769481, "Train accuracy_PiNet_GCN": 0.8524590163934426, "Test acuuracy_PiNet_GCN": 0.5416666666666666, "precision_1_PiNet_GCN": 0, "recall_1_PiNet_GCN": 0.0, "precision_0_PiNet_GCN": 0.5416666666666666, "recall_0_PiNet_GCN": 1.0, "f1_0_PiNet_GCN": 0.7027027027027027, "f1_1_PiNet_GCN": 0, "_runtime": 692, "_timestamp": 1631245573, "_step": 199, "_wandb": {"runtime": 690}}