{"loss_PiNet_GCN": 0.4974350796026342, "Train accuracy_PiNet_GCN": 0.22950819672131148, "Test acuuracy_PiNet_GCN": 0.3333333333333333, "precision_1_PiNet_GCN": 0.3333333333333333, "recall_1_PiNet_GCN": 1.0, "precision_0_PiNet_GCN": 0, "recall_0_PiNet_GCN": 0.0, "f1_0_PiNet_GCN": 0, "f1_1_PiNet_GCN": 0.5, "_runtime": 709, "_timestamp": 1631252099, "_step": 199, "_wandb": {"runtime": 707}}