{"loss_PiNet_GCN": 0.49743490850224215, "Train accuracy_PiNet_GCN": 0.8032786885245902, "Test acuuracy_PiNet_GCN": 0.875, "precision_1_PiNet_GCN": 0, "recall_1_PiNet_GCN": 0.0, "precision_0_PiNet_GCN": 0.875, "recall_0_PiNet_GCN": 1.0, "f1_0_PiNet_GCN": 0.9333333333333333, "f1_1_PiNet_GCN": 0, "_runtime": 604, "_timestamp": 1631235829, "_step": 199, "_wandb": {"runtime": 602}}