{"loss_PiNet_GCN": 0.4974348657271441, "Train accuracy_PiNet_GCN": 0.16393442622950818, "Test acuuracy_PiNet_GCN": 0.4166666666666667, "precision_1_PiNet_GCN": 0.4166666666666667, "recall_1_PiNet_GCN": 1.0, "precision_0_PiNet_GCN": 0, "recall_0_PiNet_GCN": 0.0, "f1_0_PiNet_GCN": 0, "f1_1_PiNet_GCN": 0.5882352941176471, "_runtime": 1042, "_timestamp": 1631228144, "_step": 199, "_wandb": {"runtime": 1039}}