{"loss_PiNet_GCN": 0.25137903690338137, "Train accuracy_PiNet_GCN": 1.0, "Test acuuracy_PiNet_GCN": 0.5294117647058824, "precision_1_PiNet_GCN": 0, "recall_1_PiNet_GCN": 0.0, "precision_0_PiNet_GCN": 0.5294117647058824, "recall_0_PiNet_GCN": 1.0, "f1_0_PiNet_GCN": 0.6923076923076924, "f1_1_PiNet_GCN": 0, "_runtime": 814, "_timestamp": 1630973113, "_step": 199, "_wandb": {"runtime": 810}}