{"loss_PiNet_GCN": 0.2513998508453369, "Train accuracy_PiNet_GCN": 1.0, "Test acuuracy_PiNet_GCN": 0.8235294117647058, "precision_1_PiNet_GCN": 0, "recall_1_PiNet_GCN": 0.0, "precision_0_PiNet_GCN": 0.8235294117647058, "recall_0_PiNet_GCN": 1.0, "f1_0_PiNet_GCN": 0.9032258064516129, "f1_1_PiNet_GCN": 0, "_runtime": 904, "_timestamp": 1631049165, "_step": 199, "_wandb": {"runtime": 900}}