{"loss_PiNet_GCN": 0.2513343572616577, "Train accuracy_PiNet_GCN": 1.0, "Test acuuracy_PiNet_GCN": 0.5294117647058824, "precision_1_PiNet_GCN": 0, "recall_1_PiNet_GCN": 0.0, "precision_0_PiNet_GCN": 0.5294117647058824, "recall_0_PiNet_GCN": 1.0, "f1_0_PiNet_GCN": 0.6923076923076924, "f1_1_PiNet_GCN": 0, "_runtime": 1016, "_timestamp": 1631031036, "_step": 199, "_wandb": {"runtime": 1012}}