{"loss_PiNet_GCN": 0.4974348657271441, "Train accuracy_PiNet_GCN": 0.6885245901639344, "Test acuuracy_PiNet_GCN": 0.8333333333333334, "precision_1_PiNet_GCN": 0, "recall_1_PiNet_GCN": 0.0, "precision_0_PiNet_GCN": 0.8333333333333334, "recall_0_PiNet_GCN": 1.0, "f1_0_PiNet_GCN": 0.9090909090909091, "f1_1_PiNet_GCN": 0, "_runtime": 917, "_timestamp": 1631220277, "_step": 199, "_wandb": {"runtime": 913}}