{"loss_PiNet_SAGE": 0.22543740658199085, "Train accuracy_PiNet_SAGE": 1.0, "Test acuuracy_PiNet_SAGE": 0.9166666666666666, "precision_1_PiNet_SAGE": 0, "recall_1_PiNet_SAGE": 0.0, "precision_0_PiNet_SAGE": 0.9166666666666666, "recall_0_PiNet_SAGE": 1.0, "f1_0_PiNet_SAGE": 0.9565217391304348, "f1_1_PiNet_SAGE": 0, "_runtime": 3531, "_timestamp": 1631210851, "_step": 76}