{"loss_PiNet_GCN": 0.49743606342988855, "Train accuracy_PiNet_GCN": 0.7868852459016393, "Test acuuracy_PiNet_GCN": 0.75, "precision_1_PiNet_GCN": 0, "recall_1_PiNet_GCN": 0.0, "precision_0_PiNet_GCN": 0.75, "recall_0_PiNet_GCN": 1.0, "f1_0_PiNet_GCN": 0.8571428571428571, "f1_1_PiNet_GCN": 0, "_runtime": 428, "_timestamp": 1631215187, "_step": 82}