{"loss_PiNet_GCN": 0.4974348229520461, "Train accuracy_PiNet_GCN": 0.3114754098360656, "Test acuuracy_PiNet_GCN": 0.16666666666666666, "precision_1_PiNet_GCN": 0.16666666666666666, "recall_1_PiNet_GCN": 1.0, "precision_0_PiNet_GCN": 0, "recall_0_PiNet_GCN": 0.0, "f1_0_PiNet_GCN": 0, "f1_1_PiNet_GCN": 0.2857142857142857, "_runtime": 668, "_timestamp": 1631247454, "_step": 199, "_wandb": {"runtime": 665}}