{"loss_PiNet_GCN": 0.49743490850224215, "Train accuracy_PiNet_GCN": 0.18032786885245902, "Test acuuracy_PiNet_GCN": 0.08333333333333333, "precision_1_PiNet_GCN": 0.08333333333333333, "recall_1_PiNet_GCN": 1.0, "precision_0_PiNet_GCN": 0, "recall_0_PiNet_GCN": 0.0, "f1_0_PiNet_GCN": 0, "f1_1_PiNet_GCN": 0.15384615384615385, "_runtime": 640, "_timestamp": 1631249393, "_step": 199, "_wandb": {"runtime": 637}}