{"loss_PiNet_GAT": 0.25154569149017336, "Train accuracy_PiNet_GAT": 1.0, "Test acuuracy_PiNet_GAT": 0.6470588235294118, "precision_1_PiNet_GAT": 0, "recall_1_PiNet_GAT": 0.0, "precision_0_PiNet_GAT": 0.6470588235294118, "recall_0_PiNet_GAT": 1.0, "f1_0_PiNet_GAT": 0.7857142857142858, "f1_1_PiNet_GAT": 0, "_runtime": 460, "_timestamp": 1631097800, "_step": 157}