{"loss_PiNet_GCN": 0.2513664484024048, "Train accuracy_PiNet_GCN": 1.0, "Test acuuracy_PiNet_GCN": 0.5882352941176471, "precision_1_PiNet_GCN": 0, "recall_1_PiNet_GCN": 0.0, "precision_0_PiNet_GCN": 0.5882352941176471, "recall_0_PiNet_GCN": 1.0, "f1_0_PiNet_GCN": 0.7407407407407407, "f1_1_PiNet_GCN": 0, "_runtime": 892, "_timestamp": 1631035554, "_step": 199, "_wandb": {"runtime": 887}}