{"loss_PiNet_GCN": 0.49743495127734016, "Train accuracy_PiNet_GCN": 0.7213114754098361, "Test acuuracy_PiNet_GCN": 0.875, "precision_1_PiNet_GCN": 0, "recall_1_PiNet_GCN": 0.0, "precision_0_PiNet_GCN": 0.875, "recall_0_PiNet_GCN": 1.0, "f1_0_PiNet_GCN": 0.9333333333333333, "f1_1_PiNet_GCN": 0, "_runtime": 648, "_timestamp": 1631250046, "_step": 199, "_wandb": {"runtime": 646}}