{"loss_PiNet_GCN": 0.3391190767288208, "Train accuracy_PiNet_GCN": 1.0, "Test acuuracy_PiNet_GCN": 0.29411764705882354, "precision_1_PiNet_GCN": 0.29411764705882354, "recall_1_PiNet_GCN": 1.0, "precision_0_PiNet_GCN": 0, "recall_0_PiNet_GCN": 0.0, "f1_0_PiNet_GCN": 0, "f1_1_PiNet_GCN": 0.45454545454545453, "_runtime": 908, "_timestamp": 1631038349, "_step": 199, "_wandb": {"runtime": 904}}