{"loss_PiNet_GCN": 0.25141177177429197, "Train accuracy_PiNet_GCN": 1.0, "Test acuuracy_PiNet_GCN": 0.7647058823529411, "precision_1_PiNet_GCN": 0, "recall_1_PiNet_GCN": 0.0, "precision_0_PiNet_GCN": 0.7647058823529411, "recall_0_PiNet_GCN": 1.0, "f1_0_PiNet_GCN": 0.8666666666666666, "f1_1_PiNet_GCN": 0, "_runtime": 588, "_timestamp": 1631012119, "_step": 199, "_wandb": {"runtime": 587}}