{"loss_PiNet_GCN": 0.4974348657271441, "Train accuracy_PiNet_GCN": 0.19672131147540983, "Test acuuracy_PiNet_GCN": 0.2916666666666667, "precision_1_PiNet_GCN": 0.2916666666666667, "recall_1_PiNet_GCN": 1.0, "precision_0_PiNet_GCN": 0, "recall_0_PiNet_GCN": 0.0, "f1_0_PiNet_GCN": 0, "f1_1_PiNet_GCN": 0.45161290322580644, "_runtime": 2780, "_timestamp": 1631225146, "_step": 199, "_wandb": {"runtime": 2776}}