{"loss_PiNet_GAT": 0.251674485206604, "Train accuracy_PiNet_GAT": 1.0, "Test acuuracy_PiNet_GAT": 0.7647058823529411, "precision_1_PiNet_GAT": 0, "recall_1_PiNet_GAT": 0.0, "precision_0_PiNet_GAT": 0.7647058823529411, "recall_0_PiNet_GAT": 1.0, "f1_0_PiNet_GAT": 0.8666666666666666, "f1_1_PiNet_GAT": 0, "_runtime": 1107, "_timestamp": 1631017686, "_step": 199, "_wandb": {"runtime": 1103}}