{"loss_PiNet_GCN": 0.4690591917318456, "Train accuracy_PiNet_GCN": 1.0, "Test acuuracy_PiNet_GCN": 0.7083333333333334, "precision_1_PiNet_GCN": 0, "recall_1_PiNet_GCN": 0.0, "precision_0_PiNet_GCN": 0.7083333333333334, "recall_0_PiNet_GCN": 1.0, "f1_0_PiNet_GCN": 0.8292682926829268, "f1_1_PiNet_GCN": 0, "_runtime": 23, "_timestamp": 1631184982, "_step": 2}