{"loss_PiNet_GCN": 0.2254817215835347, "Train accuracy_PiNet_GCN": 1.0, "Test acuuracy_PiNet_GCN": 0.7916666666666666, "precision_1_PiNet_GCN": 0, "recall_1_PiNet_GCN": 0.0, "precision_0_PiNet_GCN": 0.7916666666666666, "recall_0_PiNet_GCN": 1.0, "f1_0_PiNet_GCN": 0.8837209302325582, "f1_1_PiNet_GCN": 0, "_runtime": 845, "_timestamp": 1631160086, "_step": 199, "_wandb": {"runtime": 842}}