{"loss_PiNet_GCN": 0.4974348657271441, "Train accuracy_PiNet_GCN": 0.8524590163934426, "Test acuuracy_PiNet_GCN": 0.7916666666666666, "precision_1_PiNet_GCN": 0, "recall_1_PiNet_GCN": 0.0, "precision_0_PiNet_GCN": 0.7916666666666666, "recall_0_PiNet_GCN": 1.0, "f1_0_PiNet_GCN": 0.8837209302325582, "f1_1_PiNet_GCN": 0, "_runtime": 720, "_timestamp": 1631252824, "_step": 199, "_wandb": {"runtime": 717}}