{"loss_PiNet_GAT": 0.2515864849090576, "Train accuracy_PiNet_GAT": 1.0, "Test acuuracy_PiNet_GAT": 0.8823529411764706, "precision_1_PiNet_GAT": 0, "recall_1_PiNet_GAT": 0.0, "precision_0_PiNet_GAT": 0.8823529411764706, "recall_0_PiNet_GAT": 1.0, "f1_0_PiNet_GAT": 0.9375, "f1_1_PiNet_GAT": 0, "_runtime": 550, "_timestamp": 1631092614, "_step": 199, "_wandb": {"runtime": 547}}