{"loss_PiNet_GAT": 0.25161314010620117, "Train accuracy_PiNet_GAT": 1.0, "Test acuuracy_PiNet_GAT": 0.8235294117647058, "precision_1_PiNet_GAT": 0, "recall_1_PiNet_GAT": 0.0, "precision_0_PiNet_GAT": 0.8235294117647058, "recall_0_PiNet_GAT": 1.0, "f1_0_PiNet_GAT": 0.9032258064516129, "f1_1_PiNet_GAT": 0, "_runtime": 857, "_timestamp": 1631048334, "_step": 199, "_wandb": {"runtime": 854}}