{"loss_PiNet_GCN": 0.25139784812927246, "Train accuracy_PiNet_GCN": 1.0, "Test acuuracy_PiNet_GCN": 0.6470588235294118, "precision_1_PiNet_GCN": 0, "recall_1_PiNet_GCN": 0.0, "precision_0_PiNet_GCN": 0.6470588235294118, "recall_0_PiNet_GCN": 1.0, "f1_0_PiNet_GCN": 0.7857142857142858, "f1_1_PiNet_GCN": 0, "_runtime": 594, "_timestamp": 1630979830, "_step": 199, "_wandb": {"runtime": 592}}