{"loss_PiNet_SAGE": 0.22534443490645464, "Train accuracy_PiNet_SAGE": 1.0, "Test acuuracy_PiNet_SAGE": 0.6666666666666666, "precision_1_PiNet_SAGE": 0, "recall_1_PiNet_SAGE": 0.0, "precision_0_PiNet_SAGE": 0.6666666666666666, "recall_0_PiNet_SAGE": 1.0, "f1_0_PiNet_SAGE": 0.8, "f1_1_PiNet_SAGE": 0, "_runtime": 11242, "_timestamp": 1631207312, "_step": 199, "_wandb": {"runtime": 11233}}