{"loss_PiNet_GCN": 0.22481124330969418, "Train accuracy_PiNet_GCN": 1.0, "Test acuuracy_PiNet_GCN": 0.20833333333333334, "precision_1_PiNet_GCN": 0.20833333333333334, "recall_1_PiNet_GCN": 1.0, "precision_0_PiNet_GCN": 0, "recall_0_PiNet_GCN": 0.0, "f1_0_PiNet_GCN": 0, "f1_1_PiNet_GCN": 0.3448275862068966, "_runtime": 876, "_timestamp": 1631184954, "_step": 199, "_wandb": {"runtime": 862}}