{"loss_PiNet_SAGE": 0.22564026748432833, "Train accuracy_PiNet_SAGE": 1.0, "Test acuuracy_PiNet_SAGE": 0.7916666666666666, "precision_1_PiNet_SAGE": 0, "recall_1_PiNet_SAGE": 0.0, "precision_0_PiNet_SAGE": 0.7916666666666666, "recall_0_PiNet_SAGE": 1.0, "f1_0_PiNet_SAGE": 0.8837209302325582, "f1_1_PiNet_SAGE": 0, "_runtime": 12117, "_timestamp": 1631156426, "_step": 199, "_wandb": {"runtime": 12112}}