{"loss_PiNet_GCN": 0.49743495127734016, "Train accuracy_PiNet_GCN": 0.7704918032786885, "Test acuuracy_PiNet_GCN": 0.8333333333333334, "precision_1_PiNet_GCN": 0, "recall_1_PiNet_GCN": 0.0, "precision_0_PiNet_GCN": 0.8333333333333334, "recall_0_PiNet_GCN": 1.0, "f1_0_PiNet_GCN": 0.9090909090909091, "f1_1_PiNet_GCN": 0, "_runtime": 598, "_timestamp": 1631246176, "_step": 199, "_wandb": {"runtime": 595}}