{"loss_PiNet_GCN": 0.49743490850224215, "Train accuracy_PiNet_GCN": 0.3114754098360656, "Test acuuracy_PiNet_GCN": 0.125, "precision_1_PiNet_GCN": 0.125, "recall_1_PiNet_GCN": 1.0, "precision_0_PiNet_GCN": 0, "recall_0_PiNet_GCN": 0.0, "f1_0_PiNet_GCN": 0, "f1_1_PiNet_GCN": 0.2222222222222222, "_runtime": 764, "_timestamp": 1631238611, "_step": 199, "_wandb": {"runtime": 761}}