{"loss_PiNet_GCN": 0.4974350368275362, "Train accuracy_PiNet_GCN": 0.8360655737704918, "Test acuuracy_PiNet_GCN": 0.6666666666666666, "precision_1_PiNet_GCN": 0, "recall_1_PiNet_GCN": 0.0, "precision_0_PiNet_GCN": 0.6666666666666666, "recall_0_PiNet_GCN": 1.0, "f1_0_PiNet_GCN": 0.8, "f1_1_PiNet_GCN": 0, "_runtime": 612, "_timestamp": 1631237842, "_step": 199, "_wandb": {"runtime": 609}}