{"loss_PiNet_GAT": 0.25171709060668945, "Train accuracy_PiNet_GAT": 1.0, "Test acuuracy_PiNet_GAT": 0.8823529411764706, "precision_1_PiNet_GAT": 0, "recall_1_PiNet_GAT": 0.0, "precision_0_PiNet_GAT": 0.8823529411764706, "recall_0_PiNet_GAT": 1.0, "f1_0_PiNet_GAT": 0.9375, "f1_1_PiNet_GAT": 0, "_runtime": 880, "_timestamp": 1631021119, "_step": 199, "_wandb": {"runtime": 877}}