{"loss_PiNet_GAT": 0.2257186100763433, "Train accuracy_PiNet_GAT": 1.0, "Test acuuracy_PiNet_GAT": 0.7083333333333334, "precision_1_PiNet_GAT": 0, "recall_1_PiNet_GAT": 0.0, "precision_0_PiNet_GAT": 0.7083333333333334, "recall_0_PiNet_GAT": 1.0, "f1_0_PiNet_GAT": 0.8292682926829268, "f1_1_PiNet_GAT": 0, "_runtime": 629, "_timestamp": 1631203389, "_step": 199, "_wandb": {"runtime": 623}}