{"loss_PiNet_GCN": 0.22554233389742234, "Train accuracy_PiNet_GCN": 1.0, "Test acuuracy_PiNet_GCN": 0.7083333333333334, "precision_1_PiNet_GCN": 0, "recall_1_PiNet_GCN": 0.0, "precision_0_PiNet_GCN": 0.7083333333333334, "recall_0_PiNet_GCN": 1.0, "f1_0_PiNet_GCN": 0.8292682926829268, "f1_1_PiNet_GCN": 0, "_runtime": 853, "_timestamp": 1631179976, "_step": 199, "_wandb": {"runtime": 849}}