{"loss_PiNet_GCN": 0.374845290184021, "Train accuracy_PiNet_GCN": 0.8088235294117647, "Test acuuracy_PiNet_GCN": 0.6470588235294118, "precision_1_PiNet_GCN": 0, "recall_1_PiNet_GCN": 0.0, "precision_0_PiNet_GCN": 0.6470588235294118, "recall_0_PiNet_GCN": 1.0, "f1_0_PiNet_GCN": 0.7857142857142858, "f1_1_PiNet_GCN": NaN, "_runtime": 1747, "_timestamp": 1630958524, "_step": 604}