{"loss_PiNet_GCN": 0.25139079093933103, "Train accuracy_PiNet_GCN": 1.0, "Test acuuracy_PiNet_GCN": 0.7058823529411765, "precision_1_PiNet_GCN": 0, "recall_1_PiNet_GCN": 0.0, "precision_0_PiNet_GCN": 0.7058823529411765, "recall_0_PiNet_GCN": 1.0, "f1_0_PiNet_GCN": 0.8275862068965517, "f1_1_PiNet_GCN": 0, "_runtime": 807, "_timestamp": 1631009146, "_step": 199, "_wandb": {"runtime": 805}}