{"loss_PiNet_GAT": 0.2515805721282959, "Train accuracy_PiNet_GAT": 1.0, "Test acuuracy_PiNet_GAT": 0.9411764705882353, "precision_1_PiNet_GAT": 0, "recall_1_PiNet_GAT": 0.0, "precision_0_PiNet_GAT": 0.9411764705882353, "recall_0_PiNet_GAT": 1.0, "f1_0_PiNet_GAT": 0.9696969696969697, "f1_1_PiNet_GAT": 0, "_runtime": 653, "_timestamp": 1631089167, "_step": 199, "_wandb": {"runtime": 648}}