{"loss_PiNet_SAGE": 0.2253680895356571, "Train accuracy_PiNet_SAGE": 1.0, "Test acuuracy_PiNet_SAGE": 0.7083333333333334, "precision_1_PiNet_SAGE": 0, "recall_1_PiNet_SAGE": 0.0, "precision_0_PiNet_SAGE": 0.7083333333333334, "recall_0_PiNet_SAGE": 1.0, "f1_0_PiNet_SAGE": 0.8292682926829268, "f1_1_PiNet_SAGE": 0, "_runtime": 10342, "_timestamp": 1631178523, "_step": 199, "_wandb": {"runtime": 10338}}