{"loss_PiNet_GCN": 0.49743495127734016, "Train accuracy_PiNet_GCN": 0.8852459016393442, "Test acuuracy_PiNet_GCN": 0.625, "precision_1_PiNet_GCN": 0, "recall_1_PiNet_GCN": 0.0, "precision_0_PiNet_GCN": 0.625, "recall_0_PiNet_GCN": 1.0, "f1_0_PiNet_GCN": 0.7692307692307693, "f1_1_PiNet_GCN": 0, "_runtime": 683, "_timestamp": 1631243538, "_step": 199, "_wandb": {"runtime": 681}}