{"loss_PiNet_GCN": 0.22553422801634845, "Train accuracy_PiNet_GCN": 1.0, "Test acuuracy_PiNet_GCN": 0.8333333333333334, "precision_1_PiNet_GCN": 0, "recall_1_PiNet_GCN": 0.0, "precision_0_PiNet_GCN": 0.8333333333333334, "recall_0_PiNet_GCN": 1.0, "f1_0_PiNet_GCN": 0.9090909090909091, "f1_1_PiNet_GCN": 0, "_runtime": 837, "_timestamp": 1631159237, "_step": 199, "_wandb": {"runtime": 833}}