{"loss_PiNet_GAT": 0.25163238048553466, "Train accuracy_PiNet_GAT": 1.0, "Test acuuracy_PiNet_GAT": 0.5882352941176471, "precision_1_PiNet_GAT": 0, "recall_1_PiNet_GAT": 0.0, "precision_0_PiNet_GAT": 0.5882352941176471, "recall_0_PiNet_GAT": 1.0, "f1_0_PiNet_GAT": 0.7407407407407407, "f1_1_PiNet_GAT": 0, "_runtime": 842, "_timestamp": 1631040600, "_step": 199, "_wandb": {"runtime": 838}}