{"loss_PiNet_GAT": 0.2516650199890137, "Train accuracy_PiNet_GAT": 1.0, "Test acuuracy_PiNet_GAT": 0.8235294117647058, "precision_1_PiNet_GAT": 0, "recall_1_PiNet_GAT": 0.0, "precision_0_PiNet_GAT": 0.8235294117647058, "recall_0_PiNet_GAT": 1.0, "f1_0_PiNet_GAT": 0.9032258064516129, "f1_1_PiNet_GAT": 0, "_runtime": 826, "_timestamp": 1631047471, "_step": 199, "_wandb": {"runtime": 824}}