{"loss_PiNet_GCN": 0.42568144798278806, "Train accuracy_PiNet_GCN": 0.22058823529411764, "Test acuuracy_PiNet_GCN": 0.23529411764705882, "precision_1_PiNet_GCN": 0.23529411764705882, "recall_1_PiNet_GCN": 1.0, "precision_0_PiNet_GCN": 0, "recall_0_PiNet_GCN": 0.0, "f1_0_PiNet_GCN": 0, "f1_1_PiNet_GCN": 0.38095238095238093, "_runtime": 13, "_timestamp": 1631101463, "_step": 2}