{"loss_PiNet_GCN": 0.2514186382293701, "Train accuracy_PiNet_GCN": 1.0, "Test acuuracy_PiNet_GCN": 0.9411764705882353, "precision_1_PiNet_GCN": 0, "recall_1_PiNet_GCN": 0.0, "precision_0_PiNet_GCN": 0.9411764705882353, "recall_0_PiNet_GCN": 1.0, "f1_0_PiNet_GCN": 0.9696969696969697, "f1_1_PiNet_GCN": 0, "_runtime": 886, "_timestamp": 1631018217, "_step": 199, "_wandb": {"runtime": 882}}