{"loss_PiNet_GCN": 0.4974348657271441, "Train accuracy_PiNet_GCN": 0.11475409836065574, "Test acuuracy_PiNet_GCN": 0.3333333333333333, "precision_1_PiNet_GCN": 0.3333333333333333, "recall_1_PiNet_GCN": 1.0, "precision_0_PiNet_GCN": 0, "recall_0_PiNet_GCN": 0.0, "f1_0_PiNet_GCN": 0, "f1_1_PiNet_GCN": 0.5, "_runtime": 658, "_timestamp": 1631244876, "_step": 199, "_wandb": {"runtime": 654}}