{"loss_PiNet_GAT": 0.2257180326125201, "Train accuracy_PiNet_GAT": 1.0, "Test acuuracy_PiNet_GAT": 0.7916666666666666, "precision_1_PiNet_GAT": 0, "recall_1_PiNet_GAT": 0.0, "precision_0_PiNet_GAT": 0.7916666666666666, "recall_0_PiNet_GAT": 1.0, "f1_0_PiNet_GAT": 0.8837209302325582, "f1_1_PiNet_GAT": 0, "_runtime": 608, "_timestamp": 1631212870, "_step": 199, "_wandb": {"runtime": 604}}