{"loss_PiNet_GCN": 0.4974349940524382, "Train accuracy_PiNet_GCN": 0.22950819672131148, "Test acuuracy_PiNet_GCN": 0.20833333333333334, "precision_1_PiNet_GCN": 0.20833333333333334, "recall_1_PiNet_GCN": 1.0, "precision_0_PiNet_GCN": 0, "recall_0_PiNet_GCN": 0.0, "f1_0_PiNet_GCN": 0, "f1_1_PiNet_GCN": 0.3448275862068966, "_runtime": 643, "_timestamp": 1631234633, "_step": 199, "_wandb": {"runtime": 641}}